send_id,campaign_id,customer_id,email_sent_date,opened_flag,clicked_flag
S000001,CMP-2501,C00280,2025-10-01,0,0
S000002,CMP-2501,C00006,2025-10-01,0,0
S000003,CMP-2501,C00417,2025-10-01,1,0
S000004,CMP-2501,C00213,2025-10-01,1,0
S000005,CMP-2501,C00020,2025-10-01,1,0
S000006,CMP-2501,C00425,2025-10-01,0,0
S000007,CMP-2501,C00133,2025-10-01,0,0
S000008,CMP-2501,C00282,2025-10-01,1,0
S000009,CMP-2501,C00274,2025-10-01,1,0
S000010,CMP-2501,C00474,2025-10-01,1,0
S000011,CMP-2501,C00326,2025-10-01,1,0
S000012,CMP-2501,C00100,2025-10-01,1,0
S000013,CMP-2501,C00227,2025-10-01,0,0
S000014,CMP-2501,C00231,2025-10-01,0,0
S000015,CMP-2501,C00019,2025-10-01,0,0
S000016,CMP-2501,C00333,2025-10-01,1,0
S000017,CMP-2501,C00588,2025-10-01,0,0
S000018,CMP-2501,C00066,2025-10-01,0,0
S000019,CMP-2501,C00295,2025-10-01,0,0
S000020,CMP-2501,C00472,2025-10-01,0,0
S000021,CMP-2501,C00431,2025-10-01,0,0
S000022,CMP-2501,C00337,2025-10-01,0,0
S000023,CMP-2501,C00555,2025-10-01,1,1
S000024,CMP-2501,C00399,2025-10-01,0,0
S000025,CMP-2501,C00488,2025-10-01,0,0
S000026,CMP-2501,C00572,2025-10-01,1,0
S000027,CMP-2501,C00013,2025-10-01,1,0
S000028,CMP-2501,C00352,2025-10-01,0,0
S000029,CMP-2501,C00349,2025-10-01,0,0
S000030,CMP-2501,C00328,2025-10-01,0,0
S000031,CMP-2501,C00355,2025-10-01,0,0
S000032,CMP-2501,C00456,2025-10-01,1,0
S000033,CMP-2501,C00156,2025-10-01,1,0
S000034,CMP-2501,C00591,2025-10-01,0,0
S000035,CMP-2501,C00511,2025-10-01,0,0
S000036,CMP-2501,C00216,2025-10-01,0,0
S000037,CMP-2501,C00546,2025-10-01,1,0
S000038,CMP-2501,C00175,2025-10-01,0,0
S000039,CMP-2501,C00400,2025-10-01,1,0
S000040,CMP-2501,C00262,2025-10-01,0,0
S000041,CMP-2501,C00413,2025-10-01,1,1
S000042,CMP-2501,C00034,2025-10-01,0,0
S000043,CMP-2501,C00081,2025-10-01,1,0
S000044,CMP-2501,C00499,2025-10-01,0,0
S000045,CMP-2501,C00354,2025-10-01,1,0
S000046,CMP-2501,C00086,2025-10-01,0,0
S000047,CMP-2501,C00597,2025-10-01,0,0
S000048,CMP-2501,C00543,2025-10-01,0,0
S000049,CMP-2501,C00379,2025-10-01,0,0
S000050,CMP-2501,C00312,2025-10-01,0,0
S000051,CMP-2501,C00299,2025-10-01,1,0
S000052,CMP-2501,C00323,2025-10-01,1,1
S000053,CMP-2501,C00463,2025-10-01,1,1
S000054,CMP-2501,C00479,2025-10-01,0,0
S000055,CMP-2501,C00031,2025-10-01,1,0
S000056,CMP-2501,C00160,2025-10-01,0,0
S000057,CMP-2501,C00171,2025-10-01,0,0
S000058,CMP-2501,C00361,2025-10-01,0,0
S000059,CMP-2501,C00442,2025-10-01,1,0
S000060,CMP-2501,C00426,2025-10-01,0,0
S000061,CMP-2501,C00024,2025-10-01,1,0
S000062,CMP-2501,C00291,2025-10-01,0,0
S000063,CMP-2501,C00503,2025-10-01,0,0
S000064,CMP-2501,C00241,2025-10-01,1,0
S000065,CMP-2501,C00385,2025-10-01,0,0
S000066,CMP-2501,C00135,2025-10-01,0,0
S000067,CMP-2501,C00388,2025-10-01,1,0
S000068,CMP-2501,C00127,2025-10-01,0,0
S000069,CMP-2501,C00589,2025-10-01,0,0
S000070,CMP-2501,C00406,2025-10-01,1,0
S000071,CMP-2501,C00224,2025-10-01,1,0
S000072,CMP-2501,C00217,2025-10-01,0,0
S000073,CMP-2501,C00114,2025-10-01,1,0
S000074,CMP-2501,C00297,2025-10-01,0,0
S000075,CMP-2501,C00183,2025-10-01,0,0
S000076,CMP-2501,C00163,2025-10-01,0,0
S000077,CMP-2501,C00411,2025-10-01,1,0
S000078,CMP-2501,C00419,2025-10-01,0,0
S000079,CMP-2501,C00553,2025-10-01,1,1
S000080,CMP-2501,C00223,2025-10-01,0,1
S000081,CMP-2501,C00429,2025-10-01,1,0
S000082,CMP-2501,C00286,2025-10-01,0,0
S000083,CMP-2501,C00571,2025-10-01,0,0
S000084,CMP-2501,C00372,2025-10-01,0,0
S000085,CMP-2501,C00109,2025-10-01,1,0
S000086,CMP-2501,C00590,2025-10-01,0,0
S000087,CMP-2501,C00402,2025-10-01,1,0
S000088,CMP-2501,C00587,2025-10-01,1,0
S000089,CMP-2501,C00414,2025-10-01,1,0
S000090,CMP-2501,C00254,2025-10-01,0,0
S000091,CMP-2501,C00534,2025-10-01,0,0
S000092,CMP-2501,C00238,2025-10-01,1,1
S000093,CMP-2501,C00147,2025-10-01,0,0
S000094,CMP-2501,C00423,2025-10-01,0,0
S000095,CMP-2501,C00567,2025-10-01,0,0
S000096,CMP-2501,C00513,2025-10-01,0,0
S000097,CMP-2501,C00558,2025-10-01,1,0
S000098,CMP-2501,C00506,2025-10-01,0,0
S000099,CMP-2501,C00448,2025-10-01,0,0
S000100,CMP-2501,C00091,2025-10-01,0,0
S000101,CMP-2501,C00205,2025-10-01,0,0
S000102,CMP-2501,C00148,2025-10-01,1,0
S000103,CMP-2501,C00002,2025-10-01,0,0
S000104,CMP-2501,C00273,2025-10-01,0,0
S000105,CMP-2501,C00595,2025-10-01,1,1
S000106,CMP-2501,C00172,2025-10-01,1,0
S000107,CMP-2501,C00391,2025-10-01,0,0
S000108,CMP-2501,C00509,2025-10-01,0,0
S000109,CMP-2501,C00336,2025-10-01,0,0
S000110,CMP-2501,C00089,2025-10-01,0,0
S000111,CMP-2501,C00350,2025-10-01,0,0
S000112,CMP-2501,C00465,2025-10-01,0,0
S000113,CMP-2501,C00051,2025-10-01,0,0
S000114,CMP-2501,C00197,2025-10-01,0,0
S000115,CMP-2501,C00298,2025-10-01,1,0
S000116,CMP-2501,C00335,2025-10-01,0,0
S000117,CMP-2501,C00215,2025-10-01,0,1
S000118,CMP-2501,C00484,2025-10-01,1,0
S000119,CMP-2501,C00211,2025-10-01,1,0
S000120,CMP-2501,C00097,2025-10-01,1,0
S000121,CMP-2501,C00515,2025-10-01,1,0
S000122,CMP-2501,C00015,2025-10-01,1,0
S000123,CMP-2501,C00317,2025-10-01,1,1
S000124,CMP-2501,C00115,2025-10-01,0,0
S000125,CMP-2501,C00071,2025-10-01,0,0
S000126,CMP-2501,C00313,2025-10-01,1,0
S000127,CMP-2501,C00318,2025-10-01,1,0
S000128,CMP-2501,C00258,2025-10-01,0,0
S000129,CMP-2501,C00042,2025-10-01,0,0
S000130,CMP-2501,C00307,2025-10-01,0,0
S000131,CMP-2501,C00293,2025-10-01,1,0
S000132,CMP-2501,C00375,2025-10-01,0,0
S000133,CMP-2501,C00210,2025-10-01,0,0
S000134,CMP-2501,C00012,2025-10-01,0,0
S000135,CMP-2501,C00167,2025-10-01,1,0
S000136,CMP-2501,C00475,2025-10-01,1,1
S000137,CMP-2501,C00128,2025-10-01,0,0
S000138,CMP-2501,C00578,2025-10-01,1,0
S000139,CMP-2501,C00292,2025-10-01,0,0
S000140,CMP-2501,C00321,2025-10-01,1,1
S000141,CMP-2501,C00242,2025-10-01,0,0
S000142,CMP-2501,C00351,2025-10-01,1,0
S000143,CMP-2501,C00047,2025-10-01,0,0
S000144,CMP-2501,C00190,2025-10-01,1,1
S000145,CMP-2501,C00467,2025-10-01,1,1
S000146,CMP-2501,C00381,2025-10-01,1,0
S000147,CMP-2501,C00308,2025-10-01,0,0
S000148,CMP-2501,C00453,2025-10-01,0,0
S000149,CMP-2501,C00405,2025-10-01,1,0
S000150,CMP-2501,C00485,2025-10-01,1,1
S000151,CMP-2501,C00200,2025-10-01,0,0
S000152,CMP-2501,C00283,2025-10-01,1,0
S000153,CMP-2501,C00561,2025-10-01,0,0
S000154,CMP-2501,C00443,2025-10-01,1,0
S000155,CMP-2501,C00099,2025-10-01,0,0
S000156,CMP-2501,C00436,2025-10-01,0,0
S000157,CMP-2501,C00083,2025-10-01,0,0
S000158,CMP-2501,C00235,2025-10-01,1,0
S000159,CMP-2501,C00189,2025-10-01,0,0
S000160,CMP-2501,C00371,2025-10-01,1,0
S000161,CMP-2501,C00123,2025-10-01,0,0
S000162,CMP-2501,C00090,2025-10-01,1,0
S000163,CMP-2501,C00460,2025-10-01,1,1
S000164,CMP-2501,C00365,2025-10-01,0,0
S000165,CMP-2501,C00103,2025-10-01,0,0
S000166,CMP-2501,C00166,2025-10-01,0,0
S000167,CMP-2501,C00068,2025-10-01,1,0
S000168,CMP-2501,C00151,2025-10-01,0,0
S000169,CMP-2501,C00559,2025-10-01,0,0
S000170,CMP-2501,C00016,2025-10-01,1,0
S000171,CMP-2501,C00106,2025-10-01,1,0
S000172,CMP-2501,C00296,2025-10-01,0,0
S000173,CMP-2501,C00237,2025-10-01,0,0
S000174,CMP-2501,C00236,2025-10-01,0,0
S000175,CMP-2501,C00126,2025-10-01,0,0
S000176,CMP-2501,C00459,2025-10-01,0,0
S000177,CMP-2501,C00309,2025-10-01,0,0
S000178,CMP-2501,C00228,2025-10-01,0,0
S000179,CMP-2501,C00124,2025-10-01,0,0
S000180,CMP-2501,C00408,2025-10-01,0,0
S000181,CMP-2501,C00501,2025-10-01,0,0
S000182,CMP-2501,C00428,2025-10-01,0,0
S000183,CMP-2501,C00257,2025-10-01,0,0
S000184,CMP-2501,C00329,2025-10-01,1,0
S000185,CMP-2501,C00057,2025-10-01,0,0
S000186,CMP-2501,C00412,2025-10-01,0,0
S000187,CMP-2501,C00310,2025-10-01,0,0
S000188,CMP-2501,C00170,2025-10-01,0,0
S000189,CMP-2501,C00082,2025-10-01,0,0
S000190,CMP-2501,C00541,2025-10-01,1,0
S000191,CMP-2501,C00523,2025-10-01,0,0
S000192,CMP-2501,C00370,2025-10-01,0,0
S000193,CMP-2501,C00036,2025-10-01,0,0
S000194,CMP-2501,C00004,2025-10-01,1,0
S000195,CMP-2501,C00384,2025-10-01,1,0
S000196,CMP-2501,C00017,2025-10-01,0,0
S000197,CMP-2501,C00490,2025-10-01,0,0
S000198,CMP-2501,C00347,2025-10-01,0,0
S000199,CMP-2501,C00209,2025-10-01,1,0
S000200,CMP-2501,C00267,2025-10-01,1,0
S000201,CMP-2501,C00537,2025-10-01,1,0
S000202,CMP-2501,C00198,2025-10-01,0,0
S000203,CMP-2501,C00037,2025-10-01,1,0
S000204,CMP-2501,C00214,2025-10-01,0,0
S000205,CMP-2501,C00134,2025-10-01,1,0
S000206,CMP-2501,C00367,2025-10-01,0,0
S000207,CMP-2501,C00276,2025-10-01,0,0
S000208,CMP-2501,C00062,2025-10-01,0,0
S000209,CMP-2501,C00395,2025-10-01,1,0
S000210,CMP-2501,C00311,2025-10-01,0,0
S000211,CMP-2501,C00332,2025-10-01,1,0
S000212,CMP-2501,C00592,2025-10-01,1,1
S000213,CMP-2501,C00366,2025-10-01,1,0
S000214,CMP-2501,C00574,2025-10-01,0,0
S000215,CMP-2501,C00225,2025-10-01,0,0
S000216,CMP-2501,C00247,2025-10-01,0,0
S000217,CMP-2501,C00517,2025-10-01,0,0
S000218,CMP-2501,C00564,2025-10-01,1,0
S000219,CMP-2501,C00150,2025-10-01,1,1
S000220,CMP-2501,C00204,2025-10-01,1,0
S000221,CMP-2501,C00531,2025-10-01,1,0
S000222,CMP-2501,C00021,2025-10-01,1,0
S000223,CMP-2501,C00187,2025-10-01,1,0
S000224,CMP-2501,C00500,2025-10-01,0,0
S000225,CMP-2501,C00392,2025-10-01,0,0
S000226,CMP-2501,C00502,2025-10-01,1,0
S000227,CMP-2501,C00549,2025-10-01,0,0
S000228,CMP-2501,C00585,2025-10-01,0,0
S000229,CMP-2501,C00226,2025-10-01,0,0
S000230,CMP-2501,C00220,2025-10-01,0,0
S000231,CMP-2501,C00064,2025-10-01,0,0
S000232,CMP-2501,C00054,2025-10-01,1,0
S000233,CMP-2501,C00075,2025-10-01,0,0
S000234,CMP-2501,C00535,2025-10-01,1,1
S000235,CMP-2501,C00527,2025-10-01,0,0
S000236,CMP-2501,C00058,2025-10-01,0,0
S000237,CMP-2501,C00087,2025-10-01,1,0
S000238,CMP-2501,C00188,2025-10-01,1,0
S000239,CMP-2501,C00212,2025-10-01,0,0
S000240,CMP-2501,C00579,2025-10-01,0,0
S000241,CMP-2501,C00174,2025-10-01,1,1
S000242,CMP-2501,C00073,2025-10-01,0,0
S000243,CMP-2501,C00125,2025-10-01,0,0
S000244,CMP-2501,C00248,2025-10-01,1,0
S000245,CMP-2501,C00108,2025-10-01,1,0
S000246,CMP-2501,C00136,2025-10-01,1,0
S000247,CMP-2501,C00050,2025-10-01,0,0
S000248,CMP-2501,C00169,2025-10-01,0,0
S000249,CMP-2501,C00598,2025-10-01,1,0
S000250,CMP-2501,C00038,2025-10-01,0,0
S000251,CMP-2501,C00447,2025-10-01,0,0
S000252,CMP-2501,C00252,2025-10-01,0,0
S000253,CMP-2501,C00524,2025-10-01,1,0
S000254,CMP-2501,C00396,2025-10-01,1,0
S000255,CMP-2501,C00176,2025-10-01,0,0
S000256,CMP-2501,C00152,2025-10-01,0,0
S000257,CMP-2501,C00507,2025-10-01,0,0
S000258,CMP-2501,C00560,2025-10-01,1,0
S000259,CMP-2501,C00505,2025-10-01,1,1
S000260,CMP-2501,C00594,2025-10-01,1,0
S000261,CMP-2501,C00539,2025-10-01,1,1
S000262,CMP-2501,C00141,2025-10-01,0,0
S000263,CMP-2501,C00305,2025-10-01,0,0
S000264,CMP-2501,C00586,2025-10-01,1,0
S000265,CMP-2501,C00072,2025-10-01,0,0
S000266,CMP-2501,C00076,2025-10-01,0,0
S000267,CMP-2501,C00268,2025-10-01,1,0
S000268,CMP-2501,C00557,2025-10-01,1,1
S000269,CMP-2501,C00014,2025-10-01,0,0
S000270,CMP-2501,C00528,2025-10-01,0,0
S000271,CMP-2501,C00457,2025-10-01,0,0
S000272,CMP-2501,C00289,2025-10-01,0,0
S000273,CMP-2501,C00186,2025-10-01,1,0
S000274,CMP-2501,C00382,2025-10-01,1,1
S000275,CMP-2501,C00158,2025-10-01,0,0
S000276,CMP-2501,C00415,2025-10-01,1,0
S000277,CMP-2501,C00340,2025-10-01,0,0
S000278,CMP-2501,C00157,2025-10-01,1,0
S000279,CMP-2501,C00244,2025-10-01,0,0
S000280,CMP-2501,C00380,2025-10-01,1,0
S000281,CMP-2501,C00433,2025-10-01,1,0
S000282,CMP-2501,C00080,2025-10-01,0,0
S000283,CMP-2501,C00583,2025-10-01,1,0
S000284,CMP-2501,C00451,2025-10-01,0,0
S000285,CMP-2501,C00551,2025-10-01,0,0
S000286,CMP-2501,C00327,2025-10-01,1,1
S000287,CMP-2501,C00487,2025-10-01,0,0
S000288,CMP-2501,C00132,2025-10-01,1,0
S000289,CMP-2501,C00117,2025-10-01,1,0
S000290,CMP-2501,C00547,2025-10-01,0,0
S000291,CMP-2501,C00516,2025-10-01,0,0
S000292,CMP-2501,C00550,2025-10-01,0,0
S000293,CMP-2501,C00568,2025-10-01,1,0
S000294,CMP-2501,C00478,2025-10-01,0,0
S000295,CMP-2501,C00300,2025-10-01,1,0
S000296,CMP-2501,C00007,2025-10-01,0,0
S000297,CMP-2501,C00341,2025-10-01,1,0
S000298,CMP-2501,C00378,2025-10-01,1,0
S000299,CMP-2501,C00261,2025-10-01,0,0
S000300,CMP-2501,C00265,2025-10-01,0,0
S000301,CMP-2502,C00585,2025-11-15,0,0
S000302,CMP-2502,C00201,2025-11-15,0,0
S000303,CMP-2502,C00129,2025-11-15,0,0
S000304,CMP-2502,C00225,2025-11-15,0,0
S000305,CMP-2502,C00528,2025-11-15,0,0
S000306,CMP-2502,C00133,2025-11-15,1,0
S000307,CMP-2502,C00147,2025-11-15,1,0
S000308,CMP-2502,C00231,2025-11-15,1,0
S000309,CMP-2502,C00085,2025-11-15,0,0
S000310,CMP-2502,C00098,2025-11-15,0,0
S000311,CMP-2502,C00414,2025-11-15,0,0
S000312,CMP-2502,C00290,2025-11-15,1,0
S000313,CMP-2502,C00108,2025-11-15,1,0
S000314,CMP-2502,C00256,2025-11-15,1,0
S000315,CMP-2502,C00232,2025-11-15,1,0
S000316,CMP-2502,C00257,2025-11-15,0,0
S000317,CMP-2502,C00190,2025-11-15,1,0
S000318,CMP-2502,C00309,2025-11-15,1,0
S000319,CMP-2502,C00337,2025-11-15,0,0
S000320,CMP-2502,C00474,2025-11-15,1,0
S000321,CMP-2502,C00533,2025-11-15,1,0
S000322,CMP-2502,C00530,2025-11-15,0,0
S000323,CMP-2502,C00274,2025-11-15,0,0
S000324,CMP-2502,C00135,2025-11-15,1,0
S000325,CMP-2502,C00336,2025-11-15,0,0
S000326,CMP-2502,C00433,2025-11-15,0,0
S000327,CMP-2502,C00384,2025-11-15,1,0
S000328,CMP-2502,C00149,2025-11-15,1,0
S000329,CMP-2502,C00036,2025-11-15,0,0
S000330,CMP-2502,C00395,2025-11-15,1,0
S000331,CMP-2502,C00050,2025-11-15,1,0
S000332,CMP-2502,C00203,2025-11-15,1,0
S000333,CMP-2502,C00187,2025-11-15,1,0
S000334,CMP-2502,C00015,2025-11-15,0,0
S000335,CMP-2502,C00594,2025-11-15,0,0
S000336,CMP-2502,C00035,2025-11-15,0,0
S000337,CMP-2502,C00244,2025-11-15,1,1
S000338,CMP-2502,C00166,2025-11-15,0,0
S000339,CMP-2502,C00407,2025-11-15,0,0
S000340,CMP-2502,C00331,2025-11-15,0,0
S000341,CMP-2502,C00012,2025-11-15,0,0
S000342,CMP-2502,C00493,2025-11-15,0,0
S000343,CMP-2502,C00496,2025-11-15,0,0
S000344,CMP-2502,C00353,2025-11-15,0,0
S000345,CMP-2502,C00193,2025-11-15,0,0
S000346,CMP-2502,C00416,2025-11-15,1,1
S000347,CMP-2502,C00463,2025-11-15,0,0
S000348,CMP-2502,C00220,2025-11-15,0,0
S000349,CMP-2502,C00465,2025-11-15,0,0
S000350,CMP-2502,C00270,2025-11-15,1,0
S000351,CMP-2502,C00451,2025-11-15,0,0
S000352,CMP-2502,C00121,2025-11-15,0,0
S000353,CMP-2502,C00287,2025-11-15,0,0
S000354,CMP-2502,C00527,2025-11-15,1,0
S000355,CMP-2502,C00346,2025-11-15,0,0
S000356,CMP-2502,C00546,2025-11-15,0,0
S000357,CMP-2502,C00191,2025-11-15,1,0
S000358,CMP-2502,C00262,2025-11-15,1,0
S000359,CMP-2502,C00350,2025-11-15,0,0
S000360,CMP-2502,C00500,2025-11-15,1,0
S000361,CMP-2502,C00468,2025-11-15,0,0
S000362,CMP-2502,C00099,2025-11-15,1,0
S000363,CMP-2502,C00351,2025-11-15,0,0
S000364,CMP-2502,C00532,2025-11-15,0,0
S000365,CMP-2502,C00551,2025-11-15,1,0
S000366,CMP-2502,C00065,2025-11-15,0,0
S000367,CMP-2502,C00375,2025-11-15,1,1
S000368,CMP-2502,C00437,2025-11-15,1,1
S000369,CMP-2502,C00027,2025-11-15,0,0
S000370,CMP-2502,C00130,2025-11-15,0,0
S000371,CMP-2502,C00097,2025-11-15,0,0
S000372,CMP-2502,C00233,2025-11-15,0,0
S000373,CMP-2502,C00469,2025-11-15,0,0
S000374,CMP-2502,C00114,2025-11-15,0,0
S000375,CMP-2502,C00124,2025-11-15,0,0
S000376,CMP-2502,C00303,2025-11-15,0,0
S000377,CMP-2502,C00531,2025-11-15,0,0
S000378,CMP-2502,C00356,2025-11-15,0,0
S000379,CMP-2502,C00315,2025-11-15,0,0
S000380,CMP-2502,C00464,2025-11-15,0,0
S000381,CMP-2502,C00447,2025-11-15,0,0
S000382,CMP-2502,C00592,2025-11-15,0,0
S000383,CMP-2502,C00517,2025-11-15,0,0
S000384,CMP-2502,C00568,2025-11-15,1,0
S000385,CMP-2502,C00408,2025-11-15,0,0
S000386,CMP-2502,C00200,2025-11-15,0,0
S000387,CMP-2502,C00146,2025-11-15,1,0
S000388,CMP-2502,C00228,2025-11-15,0,0
S000389,CMP-2502,C00018,2025-11-15,1,0
S000390,CMP-2502,C00102,2025-11-15,0,0
S000391,CMP-2502,C00376,2025-11-15,1,0
S000392,CMP-2502,C00382,2025-11-15,1,0
S000393,CMP-2502,C00182,2025-11-15,0,0
S000394,CMP-2502,C00536,2025-11-15,0,0
S000395,CMP-2502,C00308,2025-11-15,0,0
S000396,CMP-2502,C00400,2025-11-15,1,0
S000397,CMP-2502,C00078,2025-11-15,0,0
S000398,CMP-2502,C00289,2025-11-15,0,0
S000399,CMP-2502,C00441,2025-11-15,0,0
S000400,CMP-2502,C00272,2025-11-15,0,0
S000401,CMP-2502,C00269,2025-11-15,0,0
S000402,CMP-2502,C00025,2025-11-15,0,0
S000403,CMP-2502,C00410,2025-11-15,0,0
S000404,CMP-2502,C00273,2025-11-15,0,0
S000405,CMP-2502,C00186,2025-11-15,1,0
S000406,CMP-2502,C00277,2025-11-15,0,0
S000407,CMP-2502,C00118,2025-11-15,0,0
S000408,CMP-2502,C00523,2025-11-15,0,0
S000409,CMP-2502,C00485,2025-11-15,1,0
S000410,CMP-2502,C00501,2025-11-15,0,0
S000411,CMP-2502,C00086,2025-11-15,1,0
S000412,CMP-2502,C00192,2025-11-15,0,0
S000413,CMP-2502,C00082,2025-11-15,1,0
S000414,CMP-2502,C00052,2025-11-15,1,0
S000415,CMP-2502,C00349,2025-11-15,0,0
S000416,CMP-2502,C00519,2025-11-15,0,0
S000417,CMP-2502,C00326,2025-11-15,0,0
S000418,CMP-2502,C00325,2025-11-15,0,0
S000419,CMP-2502,C00440,2025-11-15,0,1
S000420,CMP-2502,C00317,2025-11-15,0,0
S000421,CMP-2502,C00116,2025-11-15,0,0
S000422,CMP-2502,C00432,2025-11-15,0,0
S000423,CMP-2502,C00477,2025-11-15,1,0
S000424,CMP-2502,C00385,2025-11-15,0,0
S000425,CMP-2502,C00367,2025-11-15,0,0
S000426,CMP-2502,C00504,2025-11-15,1,0
S000427,CMP-2502,C00495,2025-11-15,0,0
S000428,CMP-2502,C00313,2025-11-15,0,0
S000429,CMP-2502,C00218,2025-11-15,1,0
S000430,CMP-2502,C00482,2025-11-15,0,0
S000431,CMP-2502,C00104,2025-11-15,1,1
S000432,CMP-2502,C00143,2025-11-15,0,0
S000433,CMP-2502,C00026,2025-11-15,0,0
S000434,CMP-2502,C00206,2025-11-15,1,1
S000435,CMP-2502,C00152,2025-11-15,0,0
S000436,CMP-2502,C00515,2025-11-15,0,0
S000437,CMP-2502,C00462,2025-11-15,0,0
S000438,CMP-2502,C00268,2025-11-15,0,0
S000439,CMP-2502,C00216,2025-11-15,0,0
S000440,CMP-2502,C00458,2025-11-15,1,0
S000441,CMP-2502,C00564,2025-11-15,0,0
S000442,CMP-2502,C00240,2025-11-15,1,1
S000443,CMP-2502,C00165,2025-11-15,0,0
S000444,CMP-2502,C00070,2025-11-15,0,0
S000445,CMP-2502,C00370,2025-11-15,1,1
S000446,CMP-2502,C00154,2025-11-15,0,0
S000447,CMP-2502,C00001,2025-11-15,0,0
S000448,CMP-2502,C00039,2025-11-15,0,0
S000449,CMP-2502,C00598,2025-11-15,0,0
S000450,CMP-2502,C00363,2025-11-15,0,0
S000451,CMP-2502,C00285,2025-11-15,0,0
S000452,CMP-2502,C00343,2025-11-15,1,0
S000453,CMP-2502,C00160,2025-11-15,1,0
S000454,CMP-2502,C00107,2025-11-15,0,0
S000455,CMP-2502,C00510,2025-11-15,0,0
S000456,CMP-2502,C00314,2025-11-15,0,0
S000457,CMP-2502,C00305,2025-11-15,1,0
S000458,CMP-2502,C00565,2025-11-15,1,0
S000459,CMP-2502,C00031,2025-11-15,0,0
S000460,CMP-2502,C00387,2025-11-15,1,0
S000461,CMP-2502,C00211,2025-11-15,0,0
S000462,CMP-2502,C00072,2025-11-15,1,0
S000463,CMP-2502,C00074,2025-11-15,0,0
S000464,CMP-2502,C00247,2025-11-15,1,0
S000465,CMP-2502,C00422,2025-11-15,1,0
S000466,CMP-2502,C00083,2025-11-15,0,0
S000467,CMP-2502,C00392,2025-11-15,1,0
S000468,CMP-2502,C00590,2025-11-15,1,0
S000469,CMP-2502,C00125,2025-11-15,0,0
S000470,CMP-2502,C00599,2025-11-15,0,0
S000471,CMP-2502,C00403,2025-11-15,0,0
S000472,CMP-2502,C00488,2025-11-15,1,0
S000473,CMP-2502,C00561,2025-11-15,1,1
S000474,CMP-2502,C00215,2025-11-15,1,0
S000475,CMP-2502,C00431,2025-11-15,0,0
S000476,CMP-2502,C00525,2025-11-15,0,0
S000477,CMP-2502,C00100,2025-11-15,0,0
S000478,CMP-2502,C00128,2025-11-15,0,0
S000479,CMP-2502,C00180,2025-11-15,0,0
S000480,CMP-2502,C00037,2025-11-15,0,0
S000481,CMP-2502,C00480,2025-11-15,1,1
S000482,CMP-2502,C00142,2025-11-15,0,0
S000483,CMP-2502,C00439,2025-11-15,1,1
S000484,CMP-2502,C00467,2025-11-15,0,0
S000485,CMP-2502,C00064,2025-11-15,0,0
S000486,CMP-2502,C00372,2025-11-15,0,0
S000487,CMP-2502,C00379,2025-11-15,0,0
S000488,CMP-2502,C00300,2025-11-15,1,0
S000489,CMP-2502,C00345,2025-11-15,1,1
S000490,CMP-2502,C00475,2025-11-15,0,0
S000491,CMP-2502,C00106,2025-11-15,0,0
S000492,CMP-2502,C00513,2025-11-15,0,0
S000493,CMP-2502,C00073,2025-11-15,0,0
S000494,CMP-2502,C00412,2025-11-15,0,0
S000495,CMP-2502,C00419,2025-11-15,0,0
S000496,CMP-2502,C00390,2025-11-15,0,0
S000497,CMP-2502,C00168,2025-11-15,0,0
S000498,CMP-2502,C00006,2025-11-15,0,0
S000499,CMP-2502,C00327,2025-11-15,0,0
S000500,CMP-2502,C00061,2025-11-15,0,0
S000501,CMP-2502,C00267,2025-11-15,1,0
S000502,CMP-2502,C00448,2025-11-15,1,0
S000503,CMP-2502,C00541,2025-11-15,1,0
S000504,CMP-2502,C00053,2025-11-15,1,0
S000505,CMP-2502,C00396,2025-11-15,1,0
S000506,CMP-2502,C00322,2025-11-15,0,0
S000507,CMP-2502,C00307,2025-11-15,0,0
S000508,CMP-2502,C00242,2025-11-15,0,0
S000509,CMP-2502,C00119,2025-11-15,0,0
S000510,CMP-2502,C00339,2025-11-15,0,0
S000511,CMP-2502,C00597,2025-11-15,1,0
S000512,CMP-2502,C00153,2025-11-15,0,0
S000513,CMP-2502,C00555,2025-11-15,1,0
S000514,CMP-2502,C00278,2025-11-15,0,0
S000515,CMP-2502,C00381,2025-11-15,0,0
S000516,CMP-2502,C00473,2025-11-15,0,0
S000517,CMP-2502,C00529,2025-11-15,0,0
S000518,CMP-2502,C00079,2025-11-15,1,0
S000519,CMP-2502,C00421,2025-11-15,0,0
S000520,CMP-2502,C00369,2025-11-15,1,0
S000521,CMP-2502,C00175,2025-11-15,0,0
S000522,CMP-2502,C00140,2025-11-15,0,0
S000523,CMP-2502,C00021,2025-11-15,1,1
S000524,CMP-2502,C00196,2025-11-15,1,0
S000525,CMP-2502,C00131,2025-11-15,0,0
S000526,CMP-2502,C00058,2025-11-15,1,0
S000527,CMP-2502,C00321,2025-11-15,0,0
S000528,CMP-2502,C00239,2025-11-15,0,0
S000529,CMP-2502,C00219,2025-11-15,0,0
S000530,CMP-2502,C00413,2025-11-15,0,0
S000531,CMP-2502,C00087,2025-11-15,1,0
S000532,CMP-2502,C00364,2025-11-15,1,0
S000533,CMP-2502,C00355,2025-11-15,0,0
S000534,CMP-2502,C00250,2025-11-15,0,0
S000535,CMP-2502,C00150,2025-11-15,0,0
S000536,CMP-2502,C00420,2025-11-15,0,0
S000537,CMP-2502,C00554,2025-11-15,0,0
S000538,CMP-2502,C00397,2025-11-15,1,0
S000539,CMP-2502,C00046,2025-11-15,1,0
S000540,CMP-2502,C00583,2025-11-15,1,0
S000541,CMP-2502,C00394,2025-11-15,0,0
S000542,CMP-2502,C00558,2025-11-15,0,0
S000543,CMP-2502,C00526,2025-11-15,0,0
S000544,CMP-2502,C00341,2025-11-15,1,0
S000545,CMP-2502,C00254,2025-11-15,0,0
S000546,CMP-2502,C00222,2025-11-15,0,0
S000547,CMP-2502,C00521,2025-11-15,1,0
S000548,CMP-2502,C00030,2025-11-15,0,0
S000549,CMP-2502,C00402,2025-11-15,0,0
S000550,CMP-2502,C00054,2025-11-15,1,1
S000551,CMP-2502,C00144,2025-11-15,1,0
S000552,CMP-2502,C00406,2025-11-15,1,0
S000553,CMP-2502,C00452,2025-11-15,1,0
S000554,CMP-2502,C00328,2025-11-15,0,0
S000555,CMP-2502,C00261,2025-11-15,1,0
S000556,CMP-2502,C00169,2025-11-15,0,0
S000557,CMP-2502,C00427,2025-11-15,0,0
S000558,CMP-2502,C00342,2025-11-15,0,0
S000559,CMP-2502,C00348,2025-11-15,0,0
S000560,CMP-2502,C00183,2025-11-15,0,0
S000561,CMP-2502,C00043,2025-11-15,1,0
S000562,CMP-2502,C00007,2025-11-15,1,1
S000563,CMP-2502,C00487,2025-11-15,1,0
S000564,CMP-2502,C00249,2025-11-15,0,0
S000565,CMP-2502,C00479,2025-11-15,0,0
S000566,CMP-2502,C00371,2025-11-15,0,0
S000567,CMP-2502,C00559,2025-11-15,0,0
S000568,CMP-2502,C00547,2025-11-15,0,0
S000569,CMP-2502,C00425,2025-11-15,1,0
S000570,CMP-2502,C00223,2025-11-15,0,0
S000571,CMP-2502,C00137,2025-11-15,1,0
S000572,CMP-2502,C00538,2025-11-15,0,0
S000573,CMP-2502,C00476,2025-11-15,0,0
S000574,CMP-2502,C00288,2025-11-15,1,0
S000575,CMP-2502,C00311,2025-11-15,0,0
S000576,CMP-2502,C00589,2025-11-15,0,0
S000577,CMP-2502,C00556,2025-11-15,0,0
S000578,CMP-2502,C00484,2025-11-15,0,0
S000579,CMP-2502,C00266,2025-11-15,0,0
S000580,CMP-2502,C00377,2025-11-15,0,0
S000581,CMP-2502,C00022,2025-11-15,0,0
S000582,CMP-2502,C00361,2025-11-15,0,0
S000583,CMP-2502,C00056,2025-11-15,1,0
S000584,CMP-2502,C00332,2025-11-15,1,0
S000585,CMP-2502,C00051,2025-11-15,0,0
S000586,CMP-2502,C00295,2025-11-15,1,0
S000587,CMP-2502,C00049,2025-11-15,0,0
S000588,CMP-2502,C00401,2025-11-15,1,0
S000589,CMP-2502,C00123,2025-11-15,0,0
S000590,CMP-2502,C00185,2025-11-15,0,0
S000591,CMP-2502,C00298,2025-11-15,0,0
S000592,CMP-2502,C00354,2025-11-15,1,0
S000593,CMP-2502,C00202,2025-11-15,1,1
S000594,CMP-2502,C00378,2025-11-15,0,0
S000595,CMP-2502,C00178,2025-11-15,0,0
S000596,CMP-2502,C00226,2025-11-15,0,0
S000597,CMP-2502,C00236,2025-11-15,0,0
S000598,CMP-2502,C00294,2025-11-15,0,0
S000599,CMP-2502,C00386,2025-11-15,1,0
S000600,CMP-2502,C00020,2025-11-15,0,0
S000601,CMP-2503,C00112,2025-12-20,0,0
S000602,CMP-2503,C00115,2025-12-20,0,0
S000603,CMP-2503,C00235,2025-12-20,0,0
S000604,CMP-2503,C00039,2025-12-20,1,0
S000605,CMP-2503,C00398,2025-12-20,0,0
S000606,CMP-2503,C00189,2025-12-20,0,0
S000607,CMP-2503,C00086,2025-12-20,0,0
S000608,CMP-2503,C00070,2025-12-20,1,0
S000609,CMP-2503,C00248,2025-12-20,1,0
S000610,CMP-2503,C00447,2025-12-20,0,0
S000611,CMP-2503,C00380,2025-12-20,1,0
S000612,CMP-2503,C00449,2025-12-20,1,0
S000613,CMP-2503,C00147,2025-12-20,0,0
S000614,CMP-2503,C00453,2025-12-20,0,0
S000615,CMP-2503,C00043,2025-12-20,0,0
S000616,CMP-2503,C00516,2025-12-20,1,1
S000617,CMP-2503,C00194,2025-12-20,0,0
S000618,CMP-2503,C00216,2025-12-20,0,0
S000619,CMP-2503,C00326,2025-12-20,1,0
S000620,CMP-2503,C00045,2025-12-20,1,1
S000621,CMP-2503,C00015,2025-12-20,0,0
S000622,CMP-2503,C00157,2025-12-20,0,0
S000623,CMP-2503,C00350,2025-12-20,0,0
S000624,CMP-2503,C00257,2025-12-20,1,0
S000625,CMP-2503,C00180,2025-12-20,1,0
S000626,CMP-2503,C00359,2025-12-20,0,0
S000627,CMP-2503,C00474,2025-12-20,0,0
S000628,CMP-2503,C00206,2025-12-20,0,0
S000629,CMP-2503,C00058,2025-12-20,1,0
S000630,CMP-2503,C00401,2025-12-20,1,1
S000631,CMP-2503,C00390,2025-12-20,1,1
S000632,CMP-2503,C00579,2025-12-20,0,0
S000633,CMP-2503,C00299,2025-12-20,0,0
S000634,CMP-2503,C00518,2025-12-20,0,0
S000635,CMP-2503,C00066,2025-12-20,0,0
S000636,CMP-2503,C00231,2025-12-20,0,0
S000637,CMP-2503,C00595,2025-12-20,0,0
S000638,CMP-2503,C00200,2025-12-20,1,1
S000639,CMP-2503,C00344,2025-12-20,0,0
S000640,CMP-2503,C00450,2025-12-20,1,1
S000641,CMP-2503,C00026,2025-12-20,1,0
S000642,CMP-2503,C00452,2025-12-20,1,1
S000643,CMP-2503,C00072,2025-12-20,1,0
S000644,CMP-2503,C00252,2025-12-20,0,0
S000645,CMP-2503,C00542,2025-12-20,1,0
S000646,CMP-2503,C00295,2025-12-20,1,0
S000647,CMP-2503,C00165,2025-12-20,0,0
S000648,CMP-2503,C00588,2025-12-20,0,0
S000649,CMP-2503,C00582,2025-12-20,0,0
S000650,CMP-2503,C00059,2025-12-20,1,0
S000651,CMP-2503,C00599,2025-12-20,0,1
S000652,CMP-2503,C00067,2025-12-20,1,1
S000653,CMP-2503,C00420,2025-12-20,0,0
S000654,CMP-2503,C00531,2025-12-20,0,0
S000655,CMP-2503,C00018,2025-12-20,1,0
S000656,CMP-2503,C00174,2025-12-20,1,0
S000657,CMP-2503,C00330,2025-12-20,0,0
S000658,CMP-2503,C00590,2025-12-20,1,0
S000659,CMP-2503,C00040,2025-12-20,0,0
S000660,CMP-2503,C00553,2025-12-20,0,0
S000661,CMP-2503,C00107,2025-12-20,1,0
S000662,CMP-2503,C00240,2025-12-20,0,0
S000663,CMP-2503,C00007,2025-12-20,0,0
S000664,CMP-2503,C00391,2025-12-20,0,0
S000665,CMP-2503,C00004,2025-12-20,0,0
S000666,CMP-2503,C00060,2025-12-20,0,0
S000667,CMP-2503,C00397,2025-12-20,0,0
S000668,CMP-2503,C00123,2025-12-20,0,0
S000669,CMP-2503,C00230,2025-12-20,0,0
S000670,CMP-2503,C00037,2025-12-20,0,0
S000671,CMP-2503,C00076,2025-12-20,1,0
S000672,CMP-2503,C00021,2025-12-20,1,0
S000673,CMP-2503,C00488,2025-12-20,0,0
S000674,CMP-2503,C00396,2025-12-20,1,1
S000675,CMP-2503,C00290,2025-12-20,0,0
S000676,CMP-2503,C00534,2025-12-20,1,0
S000677,CMP-2503,C00461,2025-12-20,0,0
S000678,CMP-2503,C00244,2025-12-20,1,0
S000679,CMP-2503,C00503,2025-12-20,0,0
S000680,CMP-2503,C00577,2025-12-20,1,0
S000681,CMP-2503,C00354,2025-12-20,0,0
S000682,CMP-2503,C00466,2025-12-20,1,0
S000683,CMP-2503,C00491,2025-12-20,1,0
S000684,CMP-2503,C00569,2025-12-20,1,0
S000685,CMP-2503,C00519,2025-12-20,0,0
S000686,CMP-2503,C00369,2025-12-20,1,1
S000687,CMP-2503,C00532,2025-12-20,1,0
S000688,CMP-2503,C00148,2025-12-20,0,0
S000689,CMP-2503,C00294,2025-12-20,1,0
S000690,CMP-2503,C00327,2025-12-20,0,0
S000691,CMP-2503,C00375,2025-12-20,0,0
S000692,CMP-2503,C00090,2025-12-20,0,0
S000693,CMP-2503,C00494,2025-12-20,0,0
S000694,CMP-2503,C00496,2025-12-20,0,0
S000695,CMP-2503,C00199,2025-12-20,0,0
S000696,CMP-2503,C00132,2025-12-20,1,0
S000697,CMP-2503,C00559,2025-12-20,0,0
S000698,CMP-2503,C00083,2025-12-20,0,0
S000699,CMP-2503,C00564,2025-12-20,0,0
S000700,CMP-2503,C00379,2025-12-20,0,0
S000701,CMP-2503,C00011,2025-12-20,0,0
S000702,CMP-2503,C00222,2025-12-20,0,0
S000703,CMP-2503,C00413,2025-12-20,1,0
S000704,CMP-2503,C00154,2025-12-20,0,0
S000705,CMP-2503,C00074,2025-12-20,1,0
S000706,CMP-2503,C00022,2025-12-20,0,0
S000707,CMP-2503,C00236,2025-12-20,0,0
S000708,CMP-2503,C00211,2025-12-20,0,0
S000709,CMP-2503,C00364,2025-12-20,1,1
S000710,CMP-2503,C00451,2025-12-20,0,0
S000711,CMP-2503,C00278,2025-12-20,0,0
S000712,CMP-2503,C00437,2025-12-20,0,0
S000713,CMP-2503,C00117,2025-12-20,1,0
S000714,CMP-2503,C00573,2025-12-20,0,0
S000715,CMP-2503,C00065,2025-12-20,0,0
S000716,CMP-2503,C00431,2025-12-20,0,0
S000717,CMP-2503,C00321,2025-12-20,0,0
S000718,CMP-2503,C00181,2025-12-20,1,0
S000719,CMP-2503,C00540,2025-12-20,0,0
S000720,CMP-2503,C00208,2025-12-20,0,0
S000721,CMP-2503,C00583,2025-12-20,0,0
S000722,CMP-2503,C00587,2025-12-20,0,0
S000723,CMP-2503,C00214,2025-12-20,0,0
S000724,CMP-2503,C00508,2025-12-20,0,0
S000725,CMP-2503,C00376,2025-12-20,1,0
S000726,CMP-2503,C00232,2025-12-20,0,0
S000727,CMP-2503,C00228,2025-12-20,0,0
S000728,CMP-2503,C00506,2025-12-20,0,0
S000729,CMP-2503,C00238,2025-12-20,1,0
S000730,CMP-2503,C00187,2025-12-20,1,1
S000731,CMP-2503,C00173,2025-12-20,0,0
S000732,CMP-2503,C00167,2025-12-20,1,1
S000733,CMP-2503,C00341,2025-12-20,0,0
S000734,CMP-2503,C00205,2025-12-20,1,0
S000735,CMP-2503,C00069,2025-12-20,0,0
S000736,CMP-2503,C00371,2025-12-20,1,1
S000737,CMP-2503,C00272,2025-12-20,0,0
S000738,CMP-2503,C00106,2025-12-20,0,0
S000739,CMP-2503,C00126,2025-12-20,0,0
S000740,CMP-2503,C00600,2025-12-20,0,0
S000741,CMP-2503,C00365,2025-12-20,0,0
S000742,CMP-2503,C00098,2025-12-20,0,0
S000743,CMP-2503,C00292,2025-12-20,1,1
S000744,CMP-2503,C00100,2025-12-20,0,0
S000745,CMP-2503,C00448,2025-12-20,0,0
S000746,CMP-2503,C00374,2025-12-20,0,0
S000747,CMP-2503,C00338,2025-12-20,1,0
S000748,CMP-2503,C00402,2025-12-20,0,0
S000749,CMP-2503,C00317,2025-12-20,1,0
S000750,CMP-2503,C00471,2025-12-20,0,0
S000751,CMP-2503,C00472,2025-12-20,0,0
S000752,CMP-2503,C00281,2025-12-20,1,0
S000753,CMP-2503,C00442,2025-12-20,0,0
S000754,CMP-2503,C00392,2025-12-20,0,0
S000755,CMP-2503,C00406,2025-12-20,0,0
S000756,CMP-2503,C00210,2025-12-20,0,0
S000757,CMP-2503,C00192,2025-12-20,1,0
S000758,CMP-2503,C00544,2025-12-20,0,0
S000759,CMP-2503,C00158,2025-12-20,1,0
S000760,CMP-2503,C00110,2025-12-20,0,0
S000761,CMP-2503,C00202,2025-12-20,1,0
S000762,CMP-2503,C00073,2025-12-20,1,0
S000763,CMP-2503,C00241,2025-12-20,0,0
S000764,CMP-2503,C00056,2025-12-20,0,0
S000765,CMP-2503,C00490,2025-12-20,0,0
S000766,CMP-2503,C00334,2025-12-20,0,0
S000767,CMP-2503,C00475,2025-12-20,0,0
S000768,CMP-2503,C00497,2025-12-20,0,0
S000769,CMP-2503,C00427,2025-12-20,1,0
S000770,CMP-2503,C00525,2025-12-20,0,0
S000771,CMP-2503,C00320,2025-12-20,0,0
S000772,CMP-2503,C00212,2025-12-20,0,0
S000773,CMP-2503,C00027,2025-12-20,0,0
S000774,CMP-2503,C00103,2025-12-20,0,0
S000775,CMP-2503,C00524,2025-12-20,0,0
S000776,CMP-2503,C00470,2025-12-20,0,0
S000777,CMP-2503,C00283,2025-12-20,0,0
S000778,CMP-2503,C00081,2025-12-20,0,0
S000779,CMP-2503,C00454,2025-12-20,0,0
S000780,CMP-2503,C00197,2025-12-20,1,0
S000781,CMP-2503,C00265,2025-12-20,0,0
S000782,CMP-2503,C00499,2025-12-20,1,0
S000783,CMP-2503,C00093,2025-12-20,0,0
S000784,CMP-2503,C00227,2025-12-20,1,0
S000785,CMP-2503,C00013,2025-12-20,0,0
S000786,CMP-2503,C00356,2025-12-20,0,0
S000787,CMP-2503,C00463,2025-12-20,0,0
S000788,CMP-2503,C00198,2025-12-20,0,0
S000789,CMP-2503,C00291,2025-12-20,0,0
S000790,CMP-2503,C00342,2025-12-20,1,0
S000791,CMP-2503,C00089,2025-12-20,1,0
S000792,CMP-2503,C00140,2025-12-20,0,0
S000793,CMP-2503,C00382,2025-12-20,1,0
S000794,CMP-2503,C00349,2025-12-20,0,0
S000795,CMP-2503,C00289,2025-12-20,1,1
S000796,CMP-2503,C00394,2025-12-20,1,0
S000797,CMP-2503,C00080,2025-12-20,0,0
S000798,CMP-2503,C00329,2025-12-20,0,0
S000799,CMP-2503,C00487,2025-12-20,0,0
S000800,CMP-2503,C00555,2025-12-20,0,0
S000801,CMP-2503,C00102,2025-12-20,1,0
S000802,CMP-2503,C00078,2025-12-20,1,0
S000803,CMP-2503,C00493,2025-12-20,1,0
S000804,CMP-2503,C00163,2025-12-20,0,0
S000805,CMP-2503,C00539,2025-12-20,1,1
S000806,CMP-2503,C00462,2025-12-20,0,0
S000807,CMP-2503,C00501,2025-12-20,0,0
S000808,CMP-2503,C00549,2025-12-20,0,0
S000809,CMP-2503,C00537,2025-12-20,1,0
S000810,CMP-2503,C00250,2025-12-20,0,0
S000811,CMP-2503,C00162,2025-12-20,0,0
S000812,CMP-2503,C00313,2025-12-20,1,1
S000813,CMP-2503,C00314,2025-12-20,1,1
S000814,CMP-2503,C00464,2025-12-20,0,0
S000815,CMP-2503,C00377,2025-12-20,0,0
S000816,CMP-2503,C00322,2025-12-20,1,0
S000817,CMP-2503,C00019,2025-12-20,0,0
S000818,CMP-2503,C00347,2025-12-20,0,0
S000819,CMP-2503,C00050,2025-12-20,0,0
S000820,CMP-2503,C00034,2025-12-20,1,0
S000821,CMP-2503,C00044,2025-12-20,1,0
S000822,CMP-2503,C00500,2025-12-20,0,0
S000823,CMP-2503,C00005,2025-12-20,1,0
S000824,CMP-2503,C00028,2025-12-20,1,0
S000825,CMP-2503,C00170,2025-12-20,1,1
S000826,CMP-2503,C00047,2025-12-20,1,0
S000827,CMP-2503,C00161,2025-12-20,0,0
S000828,CMP-2503,C00183,2025-12-20,1,0
S000829,CMP-2503,C00104,2025-12-20,1,1
S000830,CMP-2503,C00399,2025-12-20,0,0
S000831,CMP-2503,C00441,2025-12-20,1,1
S000832,CMP-2503,C00456,2025-12-20,0,0
S000833,CMP-2503,C00381,2025-12-20,0,0
S000834,CMP-2503,C00186,2025-12-20,0,0
S000835,CMP-2503,C00430,2025-12-20,1,0
S000836,CMP-2503,C00570,2025-12-20,1,0
S000837,CMP-2503,C00568,2025-12-20,0,0
S000838,CMP-2503,C00229,2025-12-20,0,0
S000839,CMP-2503,C00523,2025-12-20,0,0
S000840,CMP-2503,C00545,2025-12-20,0,0
S000841,CMP-2503,C00509,2025-12-20,1,1
S000842,CMP-2503,C00149,2025-12-20,1,0
S000843,CMP-2503,C00156,2025-12-20,1,0
S000844,CMP-2503,C00052,2025-12-20,1,1
S000845,CMP-2503,C00288,2025-12-20,1,1
S000846,CMP-2503,C00082,2025-12-20,0,0
S000847,CMP-2503,C00465,2025-12-20,1,0
S000848,CMP-2503,C00084,2025-12-20,0,0
S000849,CMP-2503,C00213,2025-12-20,0,0
S000850,CMP-2503,C00061,2025-12-20,0,0
S000851,CMP-2503,C00273,2025-12-20,1,1
S000852,CMP-2503,C00504,2025-12-20,1,0
S000853,CMP-2503,C00445,2025-12-20,0,0
S000854,CMP-2503,C00355,2025-12-20,1,1
S000855,CMP-2503,C00415,2025-12-20,0,0
S000856,CMP-2503,C00424,2025-12-20,1,0
S000857,CMP-2503,C00385,2025-12-20,0,0
S000858,CMP-2503,C00438,2025-12-20,0,0
S000859,CMP-2503,C00144,2025-12-20,1,0
S000860,CMP-2503,C00128,2025-12-20,0,0
S000861,CMP-2503,C00551,2025-12-20,0,0
S000862,CMP-2503,C00530,2025-12-20,1,0
S000863,CMP-2503,C00574,2025-12-20,0,0
S000864,CMP-2503,C00408,2025-12-20,0,0
S000865,CMP-2503,C00529,2025-12-20,0,0
S000866,CMP-2503,C00593,2025-12-20,0,0
S000867,CMP-2503,C00196,2025-12-20,1,1
S000868,CMP-2503,C00243,2025-12-20,0,0
S000869,CMP-2503,C00195,2025-12-20,0,0
S000870,CMP-2503,C00245,2025-12-20,1,1
S000871,CMP-2503,C00088,2025-12-20,1,0
S000872,CMP-2503,C00405,2025-12-20,0,0
S000873,CMP-2503,C00301,2025-12-20,1,1
S000874,CMP-2503,C00367,2025-12-20,0,0
S000875,CMP-2503,C00226,2025-12-20,0,0
S000876,CMP-2503,C00300,2025-12-20,0,0
S000877,CMP-2503,C00293,2025-12-20,0,0
S000878,CMP-2503,C00094,2025-12-20,1,1
S000879,CMP-2503,C00514,2025-12-20,0,0
S000880,CMP-2503,C00403,2025-12-20,0,0
S000881,CMP-2503,C00557,2025-12-20,1,0
S000882,CMP-2503,C00412,2025-12-20,0,0
S000883,CMP-2503,C00177,2025-12-20,0,0
S000884,CMP-2503,C00361,2025-12-20,0,0
S000885,CMP-2503,C00543,2025-12-20,1,1
S000886,CMP-2503,C00190,2025-12-20,0,0
S000887,CMP-2503,C00036,2025-12-20,0,0
S000888,CMP-2503,C00091,2025-12-20,0,0
S000889,CMP-2503,C00335,2025-12-20,0,0
S000890,CMP-2503,C00433,2025-12-20,0,0
S000891,CMP-2503,C00440,2025-12-20,0,0
S000892,CMP-2503,C00077,2025-12-20,0,0
S000893,CMP-2503,C00057,2025-12-20,0,0
S000894,CMP-2503,C00101,2025-12-20,1,1
S000895,CMP-2503,C00554,2025-12-20,0,0
S000896,CMP-2503,C00150,2025-12-20,1,0
S000897,CMP-2503,C00586,2025-12-20,1,0
S000898,CMP-2503,C00182,2025-12-20,0,0
S000899,CMP-2503,C00254,2025-12-20,1,0
S000900,CMP-2503,C00009,2025-12-20,1,0
S000901,CMP-2601,C00311,2026-01-20,0,0
S000902,CMP-2601,C00370,2026-01-20,1,0
S000903,CMP-2601,C00475,2026-01-20,1,0
S000904,CMP-2601,C00056,2026-01-20,0,0
S000905,CMP-2601,C00236,2026-01-20,0,0
S000906,CMP-2601,C00581,2026-01-20,1,0
S000907,CMP-2601,C00259,2026-01-20,1,0
S000908,CMP-2601,C00223,2026-01-20,0,0
S000909,CMP-2601,C00524,2026-01-20,1,0
S000910,CMP-2601,C00025,2026-01-20,0,0
S000911,CMP-2601,C00318,2026-01-20,0,0
S000912,CMP-2601,C00013,2026-01-20,0,0
S000913,CMP-2601,C00222,2026-01-20,1,0
S000914,CMP-2601,C00186,2026-01-20,0,0
S000915,CMP-2601,C00342,2026-01-20,0,0
S000916,CMP-2601,C00212,2026-01-20,1,0
S000917,CMP-2601,C00512,2026-01-20,1,1
S000918,CMP-2601,C00398,2026-01-20,1,0
S000919,CMP-2601,C00336,2026-01-20,0,0
S000920,CMP-2601,C00469,2026-01-20,0,0
S000921,CMP-2601,C00401,2026-01-20,0,0
S000922,CMP-2601,C00170,2026-01-20,1,1
S000923,CMP-2601,C00504,2026-01-20,0,0
S000924,CMP-2601,C00492,2026-01-20,1,0
S000925,CMP-2601,C00575,2026-01-20,0,0
S000926,CMP-2601,C00293,2026-01-20,1,0
S000927,CMP-2601,C00255,2026-01-20,0,0
S000928,CMP-2601,C00080,2026-01-20,0,0
S000929,CMP-2601,C00110,2026-01-20,0,0
S000930,CMP-2601,C00001,2026-01-20,1,0
S000931,CMP-2601,C00032,2026-01-20,1,0
S000932,CMP-2601,C00052,2026-01-20,0,0
S000933,CMP-2601,C00012,2026-01-20,0,0
S000934,CMP-2601,C00281,2026-01-20,1,0
S000935,CMP-2601,C00571,2026-01-20,1,0
S000936,CMP-2601,C00600,2026-01-20,0,0
S000937,CMP-2601,C00456,2026-01-20,0,0
S000938,CMP-2601,C00391,2026-01-20,0,0
S000939,CMP-2601,C00164,2026-01-20,0,0
S000940,CMP-2601,C00100,2026-01-20,0,0
S000941,CMP-2601,C00055,2026-01-20,0,0
S000942,CMP-2601,C00377,2026-01-20,1,1
S000943,CMP-2601,C00221,2026-01-20,1,0
S000944,CMP-2601,C00196,2026-01-20,0,0
S000945,CMP-2601,C00434,2026-01-20,1,0
S000946,CMP-2601,C00382,2026-01-20,0,0
S000947,CMP-2601,C00078,2026-01-20,0,0
S000948,CMP-2601,C00287,2026-01-20,0,0
S000949,CMP-2601,C00428,2026-01-20,0,0
S000950,CMP-2601,C00023,2026-01-20,1,0
S000951,CMP-2601,C00305,2026-01-20,0,0
S000952,CMP-2601,C00036,2026-01-20,1,0
S000953,CMP-2601,C00123,2026-01-20,0,0
S000954,CMP-2601,C00310,2026-01-20,1,1
S000955,CMP-2601,C00146,2026-01-20,0,0
S000956,CMP-2601,C00270,2026-01-20,0,0
S000957,CMP-2601,C00468,2026-01-20,0,0
S000958,CMP-2601,C00210,2026-01-20,0,0
S000959,CMP-2601,C00124,2026-01-20,1,0
S000960,CMP-2601,C00570,2026-01-20,1,1
S000961,CMP-2601,C00488,2026-01-20,1,1
S000962,CMP-2601,C00179,2026-01-20,1,0
S000963,CMP-2601,C00015,2026-01-20,0,0
S000964,CMP-2601,C00116,2026-01-20,0,0
S000965,CMP-2601,C00089,2026-01-20,0,0
S000966,CMP-2601,C00241,2026-01-20,0,0
S000967,CMP-2601,C00467,2026-01-20,0,0
S000968,CMP-2601,C00280,2026-01-20,0,0
S000969,CMP-2601,C00277,2026-01-20,1,1
S000970,CMP-2601,C00024,2026-01-20,1,0
S000971,CMP-2601,C00577,2026-01-20,0,0
S000972,CMP-2601,C00065,2026-01-20,0,0
S000973,CMP-2601,C00157,2026-01-20,1,0
S000974,CMP-2601,C00558,2026-01-20,1,0
S000975,CMP-2601,C00067,2026-01-20,1,0
S000976,CMP-2601,C00408,2026-01-20,1,0
S000977,CMP-2601,C00387,2026-01-20,1,0
S000978,CMP-2601,C00031,2026-01-20,0,0
S000979,CMP-2601,C00039,2026-01-20,1,0
S000980,CMP-2601,C00510,2026-01-20,0,0
S000981,CMP-2601,C00443,2026-01-20,1,1
S000982,CMP-2601,C00477,2026-01-20,0,0
S000983,CMP-2601,C00423,2026-01-20,0,0
S000984,CMP-2601,C00180,2026-01-20,0,0
S000985,CMP-2601,C00014,2026-01-20,1,0
S000986,CMP-2601,C00046,2026-01-20,0,0
S000987,CMP-2601,C00529,2026-01-20,1,0
S000988,CMP-2601,C00288,2026-01-20,0,0
S000989,CMP-2601,C00289,2026-01-20,0,0
S000990,CMP-2601,C00369,2026-01-20,1,1
S000991,CMP-2601,C00246,2026-01-20,0,0
S000992,CMP-2601,C00104,2026-01-20,0,0
S000993,CMP-2601,C00411,2026-01-20,0,0
S000994,CMP-2601,C00137,2026-01-20,0,0
S000995,CMP-2601,C00589,2026-01-20,0,0
S000996,CMP-2601,C00344,2026-01-20,0,0
S000997,CMP-2601,C00140,2026-01-20,0,0
S000998,CMP-2601,C00494,2026-01-20,1,0
S000999,CMP-2601,C00447,2026-01-20,0,0
S001000,CMP-2601,C00097,2026-01-20,1,0
S001001,CMP-2601,C00121,2026-01-20,1,0
S001002,CMP-2601,C00354,2026-01-20,0,0
S001003,CMP-2601,C00230,2026-01-20,1,0
S001004,CMP-2601,C00415,2026-01-20,0,0
S001005,CMP-2601,C00566,2026-01-20,0,0
S001006,CMP-2601,C00333,2026-01-20,0,0
S001007,CMP-2601,C00551,2026-01-20,0,0
S001008,CMP-2601,C00448,2026-01-20,0,0
S001009,CMP-2601,C00584,2026-01-20,0,0
S001010,CMP-2601,C00552,2026-01-20,1,0
S001011,CMP-2601,C00439,2026-01-20,0,0
S001012,CMP-2601,C00593,2026-01-20,1,0
S001013,CMP-2601,C00553,2026-01-20,0,0
S001014,CMP-2601,C00360,2026-01-20,0,0
S001015,CMP-2601,C00251,2026-01-20,0,0
S001016,CMP-2601,C00406,2026-01-20,0,0
S001017,CMP-2601,C00119,2026-01-20,0,0
S001018,CMP-2601,C00367,2026-01-20,1,0
S001019,CMP-2601,C00435,2026-01-20,1,0
S001020,CMP-2601,C00381,2026-01-20,0,0
S001021,CMP-2601,C00591,2026-01-20,1,0
S001022,CMP-2601,C00147,2026-01-20,0,0
S001023,CMP-2601,C00187,2026-01-20,0,0
S001024,CMP-2601,C00515,2026-01-20,0,0
S001025,CMP-2601,C00307,2026-01-20,0,0
S001026,CMP-2601,C00189,2026-01-20,0,0
S001027,CMP-2601,C00234,2026-01-20,0,0
S001028,CMP-2601,C00421,2026-01-20,0,0
S001029,CMP-2601,C00242,2026-01-20,0,0
S001030,CMP-2601,C00279,2026-01-20,0,0
S001031,CMP-2601,C00084,2026-01-20,0,0
S001032,CMP-2601,C00192,2026-01-20,0,0
S001033,CMP-2601,C00338,2026-01-20,0,0
S001034,CMP-2601,C00462,2026-01-20,1,0
S001035,CMP-2601,C00191,2026-01-20,0,0
S001036,CMP-2601,C00372,2026-01-20,0,0
S001037,CMP-2601,C00283,2026-01-20,0,0
S001038,CMP-2601,C00532,2026-01-20,0,0
S001039,CMP-2601,C00075,2026-01-20,1,0
S001040,CMP-2601,C00165,2026-01-20,0,0
S001041,CMP-2601,C00559,2026-01-20,0,0
S001042,CMP-2601,C00328,2026-01-20,0,0
S001043,CMP-2601,C00178,2026-01-20,1,0
S001044,CMP-2601,C00209,2026-01-20,1,0
S001045,CMP-2601,C00090,2026-01-20,1,0
S001046,CMP-2601,C00298,2026-01-20,1,0
S001047,CMP-2601,C00206,2026-01-20,0,0
S001048,CMP-2601,C00466,2026-01-20,1,0
S001049,CMP-2601,C00240,2026-01-20,0,0
S001050,CMP-2601,C00458,2026-01-20,1,0
S001051,CMP-2601,C00393,2026-01-20,0,0
S001052,CMP-2601,C00150,2026-01-20,0,0
S001053,CMP-2601,C00076,2026-01-20,0,0
S001054,CMP-2601,C00417,2026-01-20,1,0
S001055,CMP-2601,C00345,2026-01-20,0,0
S001056,CMP-2601,C00385,2026-01-20,0,0
S001057,CMP-2601,C00254,2026-01-20,1,0
S001058,CMP-2601,C00346,2026-01-20,0,0
S001059,CMP-2601,C00278,2026-01-20,1,0
S001060,CMP-2601,C00457,2026-01-20,1,0
S001061,CMP-2601,C00185,2026-01-20,0,0
S001062,CMP-2601,C00588,2026-01-20,0,0
S001063,CMP-2601,C00045,2026-01-20,1,0
S001064,CMP-2601,C00309,2026-01-20,0,0
S001065,CMP-2601,C00130,2026-01-20,1,0
S001066,CMP-2601,C00071,2026-01-20,0,0
S001067,CMP-2601,C00171,2026-01-20,0,0
S001068,CMP-2601,C00184,2026-01-20,0,0
S001069,CMP-2601,C00331,2026-01-20,1,0
S001070,CMP-2601,C00239,2026-01-20,1,1
S001071,CMP-2601,C00231,2026-01-20,1,0
S001072,CMP-2601,C00386,2026-01-20,0,0
S001073,CMP-2601,C00463,2026-01-20,1,0
S001074,CMP-2601,C00349,2026-01-20,1,0
S001075,CMP-2601,C00085,2026-01-20,0,0
S001076,CMP-2601,C00022,2026-01-20,0,0
S001077,CMP-2601,C00176,2026-01-20,0,0
S001078,CMP-2601,C00260,2026-01-20,0,0
S001079,CMP-2601,C00321,2026-01-20,0,0
S001080,CMP-2601,C00534,2026-01-20,1,0
S001081,CMP-2601,C00476,2026-01-20,0,0
S001082,CMP-2601,C00175,2026-01-20,0,0
S001083,CMP-2601,C00491,2026-01-20,1,0
S001084,CMP-2601,C00324,2026-01-20,1,1
S001085,CMP-2601,C00555,2026-01-20,1,0
S001086,CMP-2601,C00082,2026-01-20,0,0
S001087,CMP-2601,C00409,2026-01-20,1,1
S001088,CMP-2601,C00294,2026-01-20,1,0
S001089,CMP-2601,C00072,2026-01-20,1,1
S001090,CMP-2601,C00485,2026-01-20,0,0
S001091,CMP-2601,C00106,2026-01-20,0,0
S001092,CMP-2601,C00355,2026-01-20,1,0
S001093,CMP-2601,C00203,2026-01-20,1,1
S001094,CMP-2601,C00042,2026-01-20,0,0
S001095,CMP-2601,C00215,2026-01-20,0,0
S001096,CMP-2601,C00058,2026-01-20,1,0
S001097,CMP-2601,C00257,2026-01-20,1,0
S001098,CMP-2601,C00471,2026-01-20,0,0
S001099,CMP-2601,C00425,2026-01-20,0,0
S001100,CMP-2601,C00267,2026-01-20,1,0
S001101,CMP-2601,C00054,2026-01-20,1,0
S001102,CMP-2601,C00295,2026-01-20,0,0
S001103,CMP-2601,C00003,2026-01-20,1,0
S001104,CMP-2601,C00131,2026-01-20,0,0
S001105,CMP-2601,C00282,2026-01-20,0,0
S001106,CMP-2601,C00341,2026-01-20,1,1
S001107,CMP-2601,C00426,2026-01-20,0,0
S001108,CMP-2601,C00379,2026-01-20,0,0
S001109,CMP-2601,C00117,2026-01-20,0,0
S001110,CMP-2601,C00351,2026-01-20,0,0
S001111,CMP-2601,C00364,2026-01-20,1,0
S001112,CMP-2601,C00172,2026-01-20,0,0
S001113,CMP-2601,C00486,2026-01-20,1,0
S001114,CMP-2601,C00060,2026-01-20,0,0
S001115,CMP-2601,C00167,2026-01-20,0,0
S001116,CMP-2601,C00375,2026-01-20,1,1
S001117,CMP-2601,C00595,2026-01-20,0,0
S001118,CMP-2601,C00567,2026-01-20,0,0
S001119,CMP-2601,C00525,2026-01-20,0,0
S001120,CMP-2601,C00268,2026-01-20,0,1
S001121,CMP-2601,C00337,2026-01-20,0,0
S001122,CMP-2601,C00202,2026-01-20,1,0
S001123,CMP-2601,C00113,2026-01-20,0,0
S001124,CMP-2601,C00296,2026-01-20,0,0
S001125,CMP-2601,C00517,2026-01-20,1,0
S001126,CMP-2601,C00441,2026-01-20,0,0
S001127,CMP-2601,C00353,2026-01-20,0,0
S001128,CMP-2601,C00560,2026-01-20,1,0
S001129,CMP-2601,C00537,2026-01-20,1,0
S001130,CMP-2601,C00459,2026-01-20,0,0
S001131,CMP-2601,C00330,2026-01-20,0,0
S001132,CMP-2601,C00233,2026-01-20,1,1
S001133,CMP-2601,C00573,2026-01-20,0,0
S001134,CMP-2601,C00356,2026-01-20,0,0
S001135,CMP-2601,C00501,2026-01-20,0,0
S001136,CMP-2601,C00496,2026-01-20,1,1
S001137,CMP-2601,C00594,2026-01-20,1,0
S001138,CMP-2601,C00597,2026-01-20,0,0
S001139,CMP-2601,C00444,2026-01-20,1,0
S001140,CMP-2601,C00074,2026-01-20,1,0
S001141,CMP-2601,C00037,2026-01-20,1,0
S001142,CMP-2601,C00483,2026-01-20,0,0
S001143,CMP-2601,C00528,2026-01-20,1,0
S001144,CMP-2601,C00542,2026-01-20,0,0
S001145,CMP-2601,C00208,2026-01-20,0,0
S001146,CMP-2601,C00156,2026-01-20,0,0
S001147,CMP-2601,C00108,2026-01-20,0,0
S001148,CMP-2601,C00442,2026-01-20,1,0
S001149,CMP-2601,C00327,2026-01-20,1,0
S001150,CMP-2601,C00050,2026-01-20,1,1
S001151,CMP-2601,C00098,2026-01-20,0,0
S001152,CMP-2601,C00506,2026-01-20,0,0
S001153,CMP-2601,C00009,2026-01-20,0,0
S001154,CMP-2601,C00016,2026-01-20,0,0
S001155,CMP-2601,C00152,2026-01-20,1,0
S001156,CMP-2601,C00062,2026-01-20,0,0
S001157,CMP-2601,C00107,2026-01-20,1,1
S001158,CMP-2601,C00096,2026-01-20,1,0
S001159,CMP-2601,C00487,2026-01-20,0,0
S001160,CMP-2601,C00035,2026-01-20,0,0
S001161,CMP-2601,C00436,2026-01-20,1,1
S001162,CMP-2601,C00232,2026-01-20,0,0
S001163,CMP-2601,C00061,2026-01-20,1,0
S001164,CMP-2601,C00217,2026-01-20,0,0
S001165,CMP-2601,C00433,2026-01-20,1,0
S001166,CMP-2601,C00207,2026-01-20,0,0
S001167,CMP-2601,C00006,2026-01-20,1,0
S001168,CMP-2601,C00306,2026-01-20,1,1
S001169,CMP-2601,C00154,2026-01-20,1,0
S001170,CMP-2601,C00424,2026-01-20,0,0
S001171,CMP-2601,C00199,2026-01-20,1,0
S001172,CMP-2601,C00384,2026-01-20,1,1
S001173,CMP-2601,C00505,2026-01-20,0,0
S001174,CMP-2601,C00414,2026-01-20,0,0
S001175,CMP-2601,C00220,2026-01-20,0,0
S001176,CMP-2601,C00590,2026-01-20,0,0
S001177,CMP-2601,C00302,2026-01-20,0,0
S001178,CMP-2601,C00245,2026-01-20,0,0
S001179,CMP-2601,C00315,2026-01-20,0,0
S001180,CMP-2601,C00304,2026-01-20,1,0
S001181,CMP-2601,C00402,2026-01-20,0,0
S001182,CMP-2601,C00252,2026-01-20,1,1
S001183,CMP-2601,C00017,2026-01-20,0,0
S001184,CMP-2601,C00256,2026-01-20,0,0
S001185,CMP-2601,C00562,2026-01-20,1,0
S001186,CMP-2601,C00376,2026-01-20,1,0
S001187,CMP-2601,C00347,2026-01-20,0,0
S001188,CMP-2601,C00397,2026-01-20,0,0
S001189,CMP-2601,C00243,2026-01-20,0,0
S001190,CMP-2601,C00197,2026-01-20,1,1
S001191,CMP-2601,C00276,2026-01-20,0,0
S001192,CMP-2601,C00051,2026-01-20,1,0
S001193,CMP-2601,C00380,2026-01-20,1,1
S001194,CMP-2601,C00301,2026-01-20,1,0
S001195,CMP-2601,C00322,2026-01-20,0,0
S001196,CMP-2601,C00319,2026-01-20,0,0
S001197,CMP-2601,C00516,2026-01-20,0,0
S001198,CMP-2601,C00195,2026-01-20,1,0
S001199,CMP-2601,C00020,2026-01-20,0,0
S001200,CMP-2601,C00250,2026-01-20,1,0
S001201,CMP-2602,C00377,2026-03-01,1,0
S001202,CMP-2602,C00588,2026-03-01,1,0
S001203,CMP-2602,C00286,2026-03-01,0,0
S001204,CMP-2602,C00474,2026-03-01,1,0
S001205,CMP-2602,C00252,2026-03-01,0,0
S001206,CMP-2602,C00466,2026-03-01,0,1
S001207,CMP-2602,C00180,2026-03-01,0,0
S001208,CMP-2602,C00113,2026-03-01,1,1
S001209,CMP-2602,C00255,2026-03-01,1,0
S001210,CMP-2602,C00166,2026-03-01,1,0
S001211,CMP-2602,C00044,2026-03-01,0,0
S001212,CMP-2602,C00069,2026-03-01,1,0
S001213,CMP-2602,C00387,2026-03-01,1,0
S001214,CMP-2602,C00140,2026-03-01,1,1
S001215,CMP-2602,C00001,2026-03-01,0,0
S001216,CMP-2602,C00295,2026-03-01,0,0
S001217,CMP-2602,C00472,2026-03-01,0,0
S001218,CMP-2602,C00542,2026-03-01,0,0
S001219,CMP-2602,C00502,2026-03-01,1,1
S001220,CMP-2602,C00405,2026-03-01,0,0
S001221,CMP-2602,C00564,2026-03-01,0,0
S001222,CMP-2602,C00555,2026-03-01,1,0
S001223,CMP-2602,C00414,2026-03-01,0,0
S001224,CMP-2602,C00538,2026-03-01,0,0
S001225,CMP-2602,C00478,2026-03-01,0,0
S001226,CMP-2602,C00533,2026-03-01,1,1
S001227,CMP-2602,C00363,2026-03-01,0,0
S001228,CMP-2602,C00415,2026-03-01,1,0
S001229,CMP-2602,C00258,2026-03-01,0,0
S001230,CMP-2602,C00537,2026-03-01,1,0
S001231,CMP-2602,C00418,2026-03-01,0,1
S001232,CMP-2602,C00171,2026-03-01,1,0
S001233,CMP-2602,C00516,2026-03-01,0,0
S001234,CMP-2602,C00512,2026-03-01,0,0
S001235,CMP-2602,C00130,2026-03-01,0,0
S001236,CMP-2602,C00038,2026-03-01,1,0
S001237,CMP-2602,C00212,2026-03-01,1,0
S001238,CMP-2602,C00076,2026-03-01,0,0
S001239,CMP-2602,C00600,2026-03-01,0,0
S001240,CMP-2602,C00306,2026-03-01,1,0
S001241,CMP-2602,C00119,2026-03-01,1,0
S001242,CMP-2602,C00423,2026-03-01,1,1
S001243,CMP-2602,C00392,2026-03-01,1,1
S001244,CMP-2602,C00385,2026-03-01,0,0
S001245,CMP-2602,C00307,2026-03-01,1,1
S001246,CMP-2602,C00383,2026-03-01,0,0
S001247,CMP-2602,C00025,2026-03-01,1,1
S001248,CMP-2602,C00323,2026-03-01,0,0
S001249,CMP-2602,C00499,2026-03-01,0,0
S001250,CMP-2602,C00204,2026-03-01,0,0
S001251,CMP-2602,C00017,2026-03-01,0,0
S001252,CMP-2602,C00221,2026-03-01,0,0
S001253,CMP-2602,C00446,2026-03-01,1,0
S001254,CMP-2602,C00151,2026-03-01,0,0
S001255,CMP-2602,C00461,2026-03-01,0,0
S001256,CMP-2602,C00144,2026-03-01,0,0
S001257,CMP-2602,C00310,2026-03-01,0,0
S001258,CMP-2602,C00406,2026-03-01,1,0
S001259,CMP-2602,C00251,2026-03-01,1,1
S001260,CMP-2602,C00146,2026-03-01,1,1
S001261,CMP-2602,C00550,2026-03-01,1,0
S001262,CMP-2602,C00233,2026-03-01,1,1
S001263,CMP-2602,C00450,2026-03-01,0,0
S001264,CMP-2602,C00259,2026-03-01,0,0
S001265,CMP-2602,C00552,2026-03-01,0,0
S001266,CMP-2602,C00409,2026-03-01,0,0
S001267,CMP-2602,C00576,2026-03-01,1,1
S001268,CMP-2602,C00477,2026-03-01,1,0
S001269,CMP-2602,C00381,2026-03-01,0,0
S001270,CMP-2602,C00210,2026-03-01,1,0
S001271,CMP-2602,C00475,2026-03-01,0,0
S001272,CMP-2602,C00134,2026-03-01,0,0
S001273,CMP-2602,C00426,2026-03-01,1,0
S001274,CMP-2602,C00053,2026-03-01,0,0
S001275,CMP-2602,C00596,2026-03-01,0,0
S001276,CMP-2602,C00150,2026-03-01,0,0
S001277,CMP-2602,C00104,2026-03-01,0,0
S001278,CMP-2602,C00303,2026-03-01,1,0
S001279,CMP-2602,C00384,2026-03-01,1,0
S001280,CMP-2602,C00055,2026-03-01,0,0
S001281,CMP-2602,C00359,2026-03-01,0,0
S001282,CMP-2602,C00575,2026-03-01,0,0
S001283,CMP-2602,C00396,2026-03-01,0,0
S001284,CMP-2602,C00444,2026-03-01,0,0
S001285,CMP-2602,C00080,2026-03-01,0,0
S001286,CMP-2602,C00302,2026-03-01,0,0
S001287,CMP-2602,C00364,2026-03-01,0,0
S001288,CMP-2602,C00489,2026-03-01,1,1
S001289,CMP-2602,C00042,2026-03-01,0,0
S001290,CMP-2602,C00479,2026-03-01,0,0
S001291,CMP-2602,C00503,2026-03-01,0,0
S001292,CMP-2602,C00445,2026-03-01,1,0
S001293,CMP-2602,C00434,2026-03-01,0,0
S001294,CMP-2602,C00246,2026-03-01,0,0
S001295,CMP-2602,C00035,2026-03-01,0,0
S001296,CMP-2602,C00181,2026-03-01,0,0
S001297,CMP-2602,C00170,2026-03-01,0,0
S001298,CMP-2602,C00100,2026-03-01,0,0
S001299,CMP-2602,C00159,2026-03-01,0,0
S001300,CMP-2602,C00473,2026-03-01,0,0
S001301,CMP-2602,C00260,2026-03-01,0,0
S001302,CMP-2602,C00085,2026-03-01,0,0
S001303,CMP-2602,C00006,2026-03-01,0,0
S001304,CMP-2602,C00052,2026-03-01,0,0
S001305,CMP-2602,C00075,2026-03-01,0,0
S001306,CMP-2602,C00382,2026-03-01,0,0
S001307,CMP-2602,C00365,2026-03-01,0,0
S001308,CMP-2602,C00288,2026-03-01,0,0
S001309,CMP-2602,C00139,2026-03-01,1,0
S001310,CMP-2602,C00031,2026-03-01,0,0
S001311,CMP-2602,C00013,2026-03-01,0,0
S001312,CMP-2602,C00261,2026-03-01,0,0
S001313,CMP-2602,C00112,2026-03-01,0,0
S001314,CMP-2602,C00553,2026-03-01,0,0
S001315,CMP-2602,C00267,2026-03-01,0,0
S001316,CMP-2602,C00191,2026-03-01,0,0
S001317,CMP-2602,C00490,2026-03-01,0,0
S001318,CMP-2602,C00230,2026-03-01,1,0
S001319,CMP-2602,C00207,2026-03-01,0,0
S001320,CMP-2602,C00172,2026-03-01,0,0
S001321,CMP-2602,C00535,2026-03-01,1,0
S001322,CMP-2602,C00314,2026-03-01,1,0
S001323,CMP-2602,C00236,2026-03-01,0,0
S001324,CMP-2602,C00178,2026-03-01,1,0
S001325,CMP-2602,C00319,2026-03-01,0,0
S001326,CMP-2602,C00168,2026-03-01,1,0
S001327,CMP-2602,C00541,2026-03-01,0,0
S001328,CMP-2602,C00189,2026-03-01,0,0
S001329,CMP-2602,C00027,2026-03-01,0,0
S001330,CMP-2602,C00411,2026-03-01,0,0
S001331,CMP-2602,C00265,2026-03-01,0,0
S001332,CMP-2602,C00300,2026-03-01,1,0
S001333,CMP-2602,C00064,2026-03-01,0,0
S001334,CMP-2602,C00453,2026-03-01,0,0
S001335,CMP-2602,C00225,2026-03-01,0,0
S001336,CMP-2602,C00389,2026-03-01,0,0
S001337,CMP-2602,C00250,2026-03-01,0,0
S001338,CMP-2602,C00222,2026-03-01,0,0
S001339,CMP-2602,C00391,2026-03-01,1,0
S001340,CMP-2602,C00264,2026-03-01,1,0
S001341,CMP-2602,C00019,2026-03-01,1,0
S001342,CMP-2602,C00342,2026-03-01,1,1
S001343,CMP-2602,C00400,2026-03-01,1,0
S001344,CMP-2602,C00281,2026-03-01,0,0
S001345,CMP-2602,C00374,2026-03-01,1,0
S001346,CMP-2602,C00522,2026-03-01,1,0
S001347,CMP-2602,C00290,2026-03-01,1,0
S001348,CMP-2602,C00500,2026-03-01,0,0
S001349,CMP-2602,C00506,2026-03-01,1,1
S001350,CMP-2602,C00079,2026-03-01,0,0
S001351,CMP-2602,C00559,2026-03-01,1,0
S001352,CMP-2602,C00194,2026-03-01,0,0
S001353,CMP-2602,C00504,2026-03-01,0,0
S001354,CMP-2602,C00339,2026-03-01,0,0
S001355,CMP-2602,C00366,2026-03-01,1,1
S001356,CMP-2602,C00226,2026-03-01,1,0
S001357,CMP-2602,C00375,2026-03-01,1,0
S001358,CMP-2602,C00370,2026-03-01,0,0
S001359,CMP-2602,C00326,2026-03-01,1,0
S001360,CMP-2602,C00137,2026-03-01,0,0
S001361,CMP-2602,C00074,2026-03-01,0,0
S001362,CMP-2602,C00073,2026-03-01,1,0
S001363,CMP-2602,C00462,2026-03-01,0,0
S001364,CMP-2602,C00101,2026-03-01,0,0
S001365,CMP-2602,C00048,2026-03-01,0,0
S001366,CMP-2602,C00316,2026-03-01,0,0
S001367,CMP-2602,C00197,2026-03-01,1,0
S001368,CMP-2602,C00142,2026-03-01,1,0
S001369,CMP-2602,C00202,2026-03-01,0,0
S001370,CMP-2602,C00593,2026-03-01,0,0
S001371,CMP-2602,C00022,2026-03-01,1,0
S001372,CMP-2602,C00023,2026-03-01,1,1
S001373,CMP-2602,C00156,2026-03-01,0,0
S001374,CMP-2602,C00007,2026-03-01,1,0
S001375,CMP-2602,C00589,2026-03-01,1,0
S001376,CMP-2602,C00510,2026-03-01,0,0
S001377,CMP-2602,C00215,2026-03-01,0,0
S001378,CMP-2602,C00292,2026-03-01,0,0
S001379,CMP-2602,C00425,2026-03-01,0,0
S001380,CMP-2602,C00214,2026-03-01,0,0
S001381,CMP-2602,C00410,2026-03-01,0,0
S001382,CMP-2602,C00078,2026-03-01,1,0
S001383,CMP-2602,C00219,2026-03-01,0,0
S001384,CMP-2602,C00457,2026-03-01,0,0
S001385,CMP-2602,C00291,2026-03-01,1,0
S001386,CMP-2602,C00131,2026-03-01,0,0
S001387,CMP-2602,C00108,2026-03-01,1,0
S001388,CMP-2602,C00586,2026-03-01,0,0
S001389,CMP-2602,C00034,2026-03-01,0,0
S001390,CMP-2602,C00084,2026-03-01,1,0
S001391,CMP-2602,C00020,2026-03-01,0,0
S001392,CMP-2602,C00136,2026-03-01,1,1
S001393,CMP-2602,C00373,2026-03-01,0,0
S001394,CMP-2602,C00248,2026-03-01,0,0
S001395,CMP-2602,C00403,2026-03-01,0,0
S001396,CMP-2602,C00412,2026-03-01,1,0
S001397,CMP-2602,C00431,2026-03-01,1,0
S001398,CMP-2602,C00240,2026-03-01,0,0
S001399,CMP-2602,C00536,2026-03-01,0,0
S001400,CMP-2602,C00345,2026-03-01,0,0
S001401,CMP-2602,C00253,2026-03-01,0,0
S001402,CMP-2602,C00059,2026-03-01,0,0
S001403,CMP-2602,C00041,2026-03-01,1,1
S001404,CMP-2602,C00343,2026-03-01,0,0
S001405,CMP-2602,C00534,2026-03-01,1,0
S001406,CMP-2602,C00176,2026-03-01,0,0
S001407,CMP-2602,C00435,2026-03-01,0,0
S001408,CMP-2602,C00408,2026-03-01,0,0
S001409,CMP-2602,C00485,2026-03-01,0,0
S001410,CMP-2602,C00241,2026-03-01,0,0
S001411,CMP-2602,C00133,2026-03-01,0,0
S001412,CMP-2602,C00296,2026-03-01,0,0
S001413,CMP-2602,C00598,2026-03-01,1,0
S001414,CMP-2602,C00417,2026-03-01,0,0
S001415,CMP-2602,C00380,2026-03-01,0,0
S001416,CMP-2602,C00448,2026-03-01,1,1
S001417,CMP-2602,C00324,2026-03-01,0,0
S001418,CMP-2602,C00341,2026-03-01,0,0
S001419,CMP-2602,C00530,2026-03-01,0,0
S001420,CMP-2602,C00270,2026-03-01,1,0
S001421,CMP-2602,C00568,2026-03-01,1,0
S001422,CMP-2602,C00459,2026-03-01,1,0
S001423,CMP-2602,C00350,2026-03-01,0,0
S001424,CMP-2602,C00367,2026-03-01,1,0
S001425,CMP-2602,C00515,2026-03-01,1,0
S001426,CMP-2602,C00486,2026-03-01,0,0
S001427,CMP-2602,C00378,2026-03-01,1,0
S001428,CMP-2602,C00143,2026-03-01,1,1
S001429,CMP-2602,C00305,2026-03-01,1,0
S001430,CMP-2602,C00126,2026-03-01,1,0
S001431,CMP-2602,C00116,2026-03-01,1,0
S001432,CMP-2602,C00012,2026-03-01,1,1
S001433,CMP-2602,C00223,2026-03-01,0,0
S001434,CMP-2602,C00407,2026-03-01,1,0
S001435,CMP-2602,C00587,2026-03-01,0,0
S001436,CMP-2602,C00169,2026-03-01,0,0
S001437,CMP-2602,C00513,2026-03-01,0,0
S001438,CMP-2602,C00154,2026-03-01,0,0
S001439,CMP-2602,C00256,2026-03-01,1,1
S001440,CMP-2602,C00208,2026-03-01,1,0
S001441,CMP-2602,C00584,2026-03-01,0,0
S001442,CMP-2602,C00523,2026-03-01,1,1
S001443,CMP-2602,C00574,2026-03-01,0,0
S001444,CMP-2602,C00132,2026-03-01,1,0
S001445,CMP-2602,C00521,2026-03-01,0,0
S001446,CMP-2602,C00563,2026-03-01,0,0
S001447,CMP-2602,C00285,2026-03-01,0,0
S001448,CMP-2602,C00115,2026-03-01,0,0
S001449,CMP-2602,C00404,2026-03-01,0,0
S001450,CMP-2602,C00128,2026-03-01,0,0
S001451,CMP-2602,C00238,2026-03-01,0,0
S001452,CMP-2602,C00451,2026-03-01,0,0
S001453,CMP-2602,C00051,2026-03-01,1,0
S001454,CMP-2602,C00278,2026-03-01,1,0
S001455,CMP-2602,C00571,2026-03-01,0,0
S001456,CMP-2602,C00186,2026-03-01,1,0
S001457,CMP-2602,C00580,2026-03-01,0,0
S001458,CMP-2602,C00205,2026-03-01,0,0
S001459,CMP-2602,C00424,2026-03-01,1,1
S001460,CMP-2602,C00416,2026-03-01,1,0
S001461,CMP-2602,C00557,2026-03-01,0,0
S001462,CMP-2602,C00358,2026-03-01,1,0
S001463,CMP-2602,C00567,2026-03-01,0,0
S001464,CMP-2602,C00125,2026-03-01,1,0
S001465,CMP-2602,C00471,2026-03-01,1,0
S001466,CMP-2602,C00320,2026-03-01,0,0
S001467,CMP-2602,C00247,2026-03-01,0,0
S001468,CMP-2602,C00581,2026-03-01,1,1
S001469,CMP-2602,C00161,2026-03-01,0,0
S001470,CMP-2602,C00030,2026-03-01,0,0
S001471,CMP-2602,C00224,2026-03-01,0,0
S001472,CMP-2602,C00361,2026-03-01,0,0
S001473,CMP-2602,C00463,2026-03-01,1,1
S001474,CMP-2602,C00349,2026-03-01,0,0
S001475,CMP-2602,C00213,2026-03-01,1,0
S001476,CMP-2602,C00243,2026-03-01,0,0
S001477,CMP-2602,C00016,2026-03-01,0,0
S001478,CMP-2602,C00569,2026-03-01,0,0
S001479,CMP-2602,C00190,2026-03-01,1,0
S001480,CMP-2602,C00061,2026-03-01,1,0
S001481,CMP-2602,C00158,2026-03-01,0,0
S001482,CMP-2602,C00121,2026-03-01,1,0
S001483,CMP-2602,C00464,2026-03-01,1,1
S001484,CMP-2602,C00526,2026-03-01,0,0
S001485,CMP-2602,C00203,2026-03-01,1,0
S001486,CMP-2602,C00376,2026-03-01,1,0
S001487,CMP-2602,C00110,2026-03-01,0,0
S001488,CMP-2602,C00329,2026-03-01,0,0
S001489,CMP-2602,C00549,2026-03-01,1,0
S001490,CMP-2602,C00476,2026-03-01,0,0
S001491,CMP-2602,C00147,2026-03-01,1,0
S001492,CMP-2602,C00337,2026-03-01,0,0
S001493,CMP-2602,C00402,2026-03-01,0,0
S001494,CMP-2602,C00173,2026-03-01,0,0
S001495,CMP-2602,C00082,2026-03-01,0,0
S001496,CMP-2602,C00495,2026-03-01,1,0
S001497,CMP-2602,C00304,2026-03-01,1,1
S001498,CMP-2602,C00193,2026-03-01,0,0
S001499,CMP-2602,C00043,2026-03-01,1,0
S001500,CMP-2602,C00497,2026-03-01,1,1
